phase,domain,family,library_class,condition,bug_id,detected,parsed
P9_stdlib,csv_dom,codex,stdlib,cold,P9c_B01,1,1
P9_stdlib,csv_dom,codex,stdlib,mismatched,P9c_B01,0,1
P9_stdlib,csv_dom,codex,stdlib,cold,P9c_B02,0,1
P9_stdlib,csv_dom,codex,stdlib,mismatched,P9c_B02,0,1
P9_stdlib,csv_dom,codex,stdlib,cold,P9c_B03,0,1
P9_stdlib,csv_dom,codex,stdlib,mismatched,P9c_B03,0,1
P9_stdlib,csv_dom,codex,stdlib,cold,P9c_B04,0,1
P9_stdlib,csv_dom,codex,stdlib,mismatched,P9c_B04,0,1
P9_stdlib,csv_dom,codex,stdlib,cold,P9c_B05,0,1
P9_stdlib,csv_dom,codex,stdlib,mismatched,P9c_B05,0,1
P9_stdlib,csv_dom,codex,stdlib,cold,P9c_B06,0,1
P9_stdlib,csv_dom,codex,stdlib,mismatched,P9c_B06,0,1
P9_stdlib,csv_dom,codex,stdlib,cold,P9c_B07,1,1
P9_stdlib,csv_dom,codex,stdlib,mismatched,P9c_B07,0,1
P9_stdlib,csv_dom,codex,stdlib,cold,P9c_B08,1,1
P9_stdlib,csv_dom,codex,stdlib,mismatched,P9c_B08,0,1
P9_stdlib,csv_dom,codex,stdlib,cold,P9c_B09,0,1
P9_stdlib,csv_dom,codex,stdlib,mismatched,P9c_B09,0,1
P9_stdlib,csv_dom,codex,stdlib,cold,P9c_B10,0,1
P9_stdlib,csv_dom,codex,stdlib,mismatched,P9c_B10,0,1
P9_stdlib,csv_dom,codex,stdlib,cold,P9c_B11,0,1
P9_stdlib,csv_dom,codex,stdlib,mismatched,P9c_B11,0,1
P9_stdlib,csv_dom,codex,stdlib,cold,P9c_B12,1,1
P9_stdlib,csv_dom,codex,stdlib,mismatched,P9c_B12,0,1
P9_stdlib,csv_dom,codex,stdlib,cold,P9c_B13,1,1
P9_stdlib,csv_dom,codex,stdlib,mismatched,P9c_B13,0,1
P9_stdlib,csv_dom,codex,stdlib,cold,P9c_B14,0,1
P9_stdlib,csv_dom,codex,stdlib,mismatched,P9c_B14,0,1
P9_stdlib,csv_dom,codex,stdlib,cold,P9c_B15,0,1
P9_stdlib,csv_dom,codex,stdlib,mismatched,P9c_B15,0,1
P9_stdlib,csv_dom,codex,stdlib,cold,P9c_B16,0,1
P9_stdlib,csv_dom,codex,stdlib,mismatched,P9c_B16,0,1
P9_stdlib,csv_dom,codex,stdlib,cold,P9c_B17,1,1
P9_stdlib,csv_dom,codex,stdlib,mismatched,P9c_B17,0,1
P9_stdlib,csv_dom,codex,stdlib,cold,P9c_B18,1,1
P9_stdlib,csv_dom,codex,stdlib,mismatched,P9c_B18,0,1
P9_stdlib,csv_dom,codex,stdlib,cold,P9c_B19,0,1
P9_stdlib,csv_dom,codex,stdlib,mismatched,P9c_B19,0,1
P9_stdlib,csv_dom,codex,stdlib,cold,P9c_B20,0,1
P9_stdlib,csv_dom,codex,stdlib,mismatched,P9c_B20,0,1
P9_stdlib,csv_dom,codex,stdlib,cold,P9c_B21,1,1
P9_stdlib,csv_dom,codex,stdlib,mismatched,P9c_B21,0,1
P9_stdlib,csv_dom,codex,stdlib,cold,P9c_B22,1,1
P9_stdlib,csv_dom,codex,stdlib,mismatched,P9c_B22,0,1
P9_stdlib,csv_dom,codex,stdlib,cold,P9c_B23,0,1
P9_stdlib,csv_dom,codex,stdlib,mismatched,P9c_B23,0,1
P9_stdlib,csv_dom,codex,stdlib,cold,P9c_B24,0,1
P9_stdlib,csv_dom,codex,stdlib,mismatched,P9c_B24,0,1
P9_stdlib,csv_dom,codex,stdlib,cold,P9c_B25,0,1
P9_stdlib,csv_dom,codex,stdlib,mismatched,P9c_B25,0,1
P9_stdlib,csv_dom,codex,stdlib,cold,P9c_B26,1,1
P9_stdlib,csv_dom,codex,stdlib,mismatched,P9c_B26,0,1
P9_stdlib,csv_dom,codex,stdlib,cold,P9c_B27,1,1
P9_stdlib,csv_dom,codex,stdlib,mismatched,P9c_B27,0,1
P9_stdlib,csv_dom,codex,stdlib,cold,P9c_B28,1,1
P9_stdlib,csv_dom,codex,stdlib,mismatched,P9c_B28,0,1
P9_stdlib,csv_dom,codex,stdlib,cold,P9c_B29,0,1
P9_stdlib,csv_dom,codex,stdlib,mismatched,P9c_B29,0,1
P9_stdlib,csv_dom,codex,stdlib,cold,P9c_B30,1,1
P9_stdlib,csv_dom,codex,stdlib,mismatched,P9c_B30,0,1
P9_stdlib,urllib_dom,codex,stdlib,cold,P9u_B01,1,1
P9_stdlib,urllib_dom,codex,stdlib,mismatched,P9u_B01,0,1
P9_stdlib,urllib_dom,codex,stdlib,cold,P9u_B02,0,1
P9_stdlib,urllib_dom,codex,stdlib,mismatched,P9u_B02,0,1
P9_stdlib,urllib_dom,codex,stdlib,cold,P9u_B03,1,1
P9_stdlib,urllib_dom,codex,stdlib,mismatched,P9u_B03,0,1
P9_stdlib,urllib_dom,codex,stdlib,cold,P9u_B04,0,1
P9_stdlib,urllib_dom,codex,stdlib,mismatched,P9u_B04,0,1
P9_stdlib,urllib_dom,codex,stdlib,cold,P9u_B05,1,1
P9_stdlib,urllib_dom,codex,stdlib,mismatched,P9u_B05,0,1
P9_stdlib,urllib_dom,codex,stdlib,cold,P9u_B06,1,1
P9_stdlib,urllib_dom,codex,stdlib,mismatched,P9u_B06,0,1
P9_stdlib,urllib_dom,codex,stdlib,cold,P9u_B07,0,1
P9_stdlib,urllib_dom,codex,stdlib,mismatched,P9u_B07,0,1
P9_stdlib,urllib_dom,codex,stdlib,cold,P9u_B08,0,1
P9_stdlib,urllib_dom,codex,stdlib,mismatched,P9u_B08,0,1
P9_stdlib,urllib_dom,codex,stdlib,cold,P9u_B09,0,1
P9_stdlib,urllib_dom,codex,stdlib,mismatched,P9u_B09,0,1
P9_stdlib,urllib_dom,codex,stdlib,cold,P9u_B10,0,1
P9_stdlib,urllib_dom,codex,stdlib,mismatched,P9u_B10,0,1
P9_stdlib,urllib_dom,codex,stdlib,cold,P9u_B11,0,1
P9_stdlib,urllib_dom,codex,stdlib,mismatched,P9u_B11,0,1
P9_stdlib,urllib_dom,codex,stdlib,cold,P9u_B12,0,1
P9_stdlib,urllib_dom,codex,stdlib,mismatched,P9u_B12,0,1
P9_stdlib,urllib_dom,codex,stdlib,cold,P9u_B13,1,1
P9_stdlib,urllib_dom,codex,stdlib,mismatched,P9u_B13,0,1
P9_stdlib,urllib_dom,codex,stdlib,cold,P9u_B14,0,1
P9_stdlib,urllib_dom,codex,stdlib,mismatched,P9u_B14,0,1
P9_stdlib,urllib_dom,codex,stdlib,cold,P9u_B15,1,1
P9_stdlib,urllib_dom,codex,stdlib,mismatched,P9u_B15,0,1
P9_stdlib,urllib_dom,codex,stdlib,cold,P9u_B16,1,1
P9_stdlib,urllib_dom,codex,stdlib,mismatched,P9u_B16,0,1
P9_stdlib,urllib_dom,codex,stdlib,cold,P9u_B17,1,1
P9_stdlib,urllib_dom,codex,stdlib,mismatched,P9u_B17,0,1
P9_stdlib,urllib_dom,codex,stdlib,cold,P9u_B18,1,1
P9_stdlib,urllib_dom,codex,stdlib,mismatched,P9u_B18,0,1
P9_stdlib,urllib_dom,codex,stdlib,cold,P9u_B19,1,1
P9_stdlib,urllib_dom,codex,stdlib,mismatched,P9u_B19,0,1
P9_stdlib,urllib_dom,codex,stdlib,cold,P9u_B20,0,1
P9_stdlib,urllib_dom,codex,stdlib,mismatched,P9u_B20,0,1
P9_stdlib,urllib_dom,codex,stdlib,cold,P9u_B21,1,1
P9_stdlib,urllib_dom,codex,stdlib,mismatched,P9u_B21,0,1
P9_stdlib,urllib_dom,codex,stdlib,cold,P9u_B22,0,1
P9_stdlib,urllib_dom,codex,stdlib,mismatched,P9u_B22,0,1
P9_stdlib,urllib_dom,codex,stdlib,cold,P9u_B23,1,1
P9_stdlib,urllib_dom,codex,stdlib,mismatched,P9u_B23,0,1
P9_stdlib,urllib_dom,codex,stdlib,cold,P9u_B24,1,1
P9_stdlib,urllib_dom,codex,stdlib,mismatched,P9u_B24,0,1
P9_stdlib,urllib_dom,codex,stdlib,cold,P9u_B25,1,1
P9_stdlib,urllib_dom,codex,stdlib,mismatched,P9u_B25,0,1
P9_stdlib,urllib_dom,codex,stdlib,cold,P9u_B26,0,1
P9_stdlib,urllib_dom,codex,stdlib,mismatched,P9u_B26,0,1
P9_stdlib,urllib_dom,codex,stdlib,cold,P9u_B27,0,1
P9_stdlib,urllib_dom,codex,stdlib,mismatched,P9u_B27,0,1
P9_stdlib,urllib_dom,codex,stdlib,cold,P9u_B28,0,1
P9_stdlib,urllib_dom,codex,stdlib,mismatched,P9u_B28,0,1
P9_stdlib,urllib_dom,codex,stdlib,cold,P9u_B29,1,1
P9_stdlib,urllib_dom,codex,stdlib,mismatched,P9u_B29,0,1
P9_stdlib,urllib_dom,codex,stdlib,cold,P9u_B30,0,1
P9_stdlib,urllib_dom,codex,stdlib,mismatched,P9u_B30,0,1
P9_stdlib,jsondec_dom,codex,stdlib,cold,P9j_B01,0,1
P9_stdlib,jsondec_dom,codex,stdlib,mismatched,P9j_B01,0,1
P9_stdlib,jsondec_dom,codex,stdlib,cold,P9j_B02,0,0
P9_stdlib,jsondec_dom,codex,stdlib,mismatched,P9j_B02,0,1
P9_stdlib,jsondec_dom,codex,stdlib,cold,P9j_B03,1,1
P9_stdlib,jsondec_dom,codex,stdlib,mismatched,P9j_B03,0,1
P9_stdlib,jsondec_dom,codex,stdlib,cold,P9j_B04,1,1
P9_stdlib,jsondec_dom,codex,stdlib,mismatched,P9j_B04,0,1
P9_stdlib,jsondec_dom,codex,stdlib,cold,P9j_B05,0,0
P9_stdlib,jsondec_dom,codex,stdlib,mismatched,P9j_B05,0,1
P9_stdlib,jsondec_dom,codex,stdlib,cold,P9j_B06,1,1
P9_stdlib,jsondec_dom,codex,stdlib,mismatched,P9j_B06,0,1
P9_stdlib,jsondec_dom,codex,stdlib,cold,P9j_B07,0,1
P9_stdlib,jsondec_dom,codex,stdlib,mismatched,P9j_B07,0,1
P9_stdlib,jsondec_dom,codex,stdlib,cold,P9j_B08,1,1
P9_stdlib,jsondec_dom,codex,stdlib,mismatched,P9j_B08,0,1
P9_stdlib,jsondec_dom,codex,stdlib,cold,P9j_B09,0,1
P9_stdlib,jsondec_dom,codex,stdlib,mismatched,P9j_B09,0,1
P9_stdlib,jsondec_dom,codex,stdlib,cold,P9j_B10,0,1
P9_stdlib,jsondec_dom,codex,stdlib,mismatched,P9j_B10,0,1
P9_stdlib,jsondec_dom,codex,stdlib,cold,P9j_B11,1,1
P9_stdlib,jsondec_dom,codex,stdlib,mismatched,P9j_B11,0,1
P9_stdlib,jsondec_dom,codex,stdlib,cold,P9j_B12,1,1
P9_stdlib,jsondec_dom,codex,stdlib,mismatched,P9j_B12,0,1
P9_stdlib,jsondec_dom,codex,stdlib,cold,P9j_B13,1,1
P9_stdlib,jsondec_dom,codex,stdlib,mismatched,P9j_B13,0,1
P9_stdlib,jsondec_dom,codex,stdlib,cold,P9j_B14,1,1
P9_stdlib,jsondec_dom,codex,stdlib,mismatched,P9j_B14,0,1
P9_stdlib,jsondec_dom,codex,stdlib,cold,P9j_B15,1,1
P9_stdlib,jsondec_dom,codex,stdlib,mismatched,P9j_B15,0,1
P9_stdlib,jsondec_dom,codex,stdlib,cold,P9j_B16,0,1
P9_stdlib,jsondec_dom,codex,stdlib,mismatched,P9j_B16,0,1
P9_stdlib,jsondec_dom,codex,stdlib,cold,P9j_B17,1,1
P9_stdlib,jsondec_dom,codex,stdlib,mismatched,P9j_B17,0,1
P9_stdlib,jsondec_dom,codex,stdlib,cold,P9j_B18,1,1
P9_stdlib,jsondec_dom,codex,stdlib,mismatched,P9j_B18,0,1
P9_stdlib,jsondec_dom,codex,stdlib,cold,P9j_B19,0,1
P9_stdlib,jsondec_dom,codex,stdlib,mismatched,P9j_B19,0,1
P9_stdlib,jsondec_dom,codex,stdlib,cold,P9j_B20,0,1
P9_stdlib,jsondec_dom,codex,stdlib,mismatched,P9j_B20,0,1
P9_stdlib,jsondec_dom,codex,stdlib,cold,P9j_B21,0,1
P9_stdlib,jsondec_dom,codex,stdlib,mismatched,P9j_B21,0,1
P9_stdlib,jsondec_dom,codex,stdlib,cold,P9j_B22,0,1
P9_stdlib,jsondec_dom,codex,stdlib,mismatched,P9j_B22,0,1
P9_stdlib,jsondec_dom,codex,stdlib,cold,P9j_B23,1,1
P9_stdlib,jsondec_dom,codex,stdlib,mismatched,P9j_B23,0,1
P9_stdlib,jsondec_dom,codex,stdlib,cold,P9j_B24,0,1
P9_stdlib,jsondec_dom,codex,stdlib,mismatched,P9j_B24,0,1
P9_stdlib,jsondec_dom,codex,stdlib,cold,P9j_B25,0,0
P9_stdlib,jsondec_dom,codex,stdlib,mismatched,P9j_B25,0,1
P9_stdlib,jsondec_dom,codex,stdlib,cold,P9j_B26,0,0
P9_stdlib,jsondec_dom,codex,stdlib,mismatched,P9j_B26,0,1
P9_stdlib,jsondec_dom,codex,stdlib,cold,P9j_B27,1,1
P9_stdlib,jsondec_dom,codex,stdlib,mismatched,P9j_B27,0,1
P9_stdlib,jsondec_dom,codex,stdlib,cold,P9j_B28,0,0
P9_stdlib,jsondec_dom,codex,stdlib,mismatched,P9j_B28,0,1
P9_stdlib,jsondec_dom,codex,stdlib,cold,P9j_B29,0,1
P9_stdlib,jsondec_dom,codex,stdlib,mismatched,P9j_B29,0,1
P9_stdlib,jsondec_dom,codex,stdlib,cold,P9j_B30,0,1
P9_stdlib,jsondec_dom,codex,stdlib,mismatched,P9j_B30,0,1
P9_csv_cross_family,csv_dom,opus,stdlib,cold,P9c_B01,1,1
P9_csv_cross_family,csv_dom,opus,stdlib,mismatched,P9c_B01,1,1
P9_csv_cross_family,csv_dom,opus,stdlib,cold,P9c_B02,0,1
P9_csv_cross_family,csv_dom,opus,stdlib,mismatched,P9c_B02,0,1
P9_csv_cross_family,csv_dom,opus,stdlib,cold,P9c_B03,0,1
P9_csv_cross_family,csv_dom,opus,stdlib,mismatched,P9c_B03,0,1
P9_csv_cross_family,csv_dom,opus,stdlib,cold,P9c_B04,0,1
P9_csv_cross_family,csv_dom,opus,stdlib,mismatched,P9c_B04,0,1
P9_csv_cross_family,csv_dom,opus,stdlib,cold,P9c_B05,1,1
P9_csv_cross_family,csv_dom,opus,stdlib,mismatched,P9c_B05,0,1
P9_csv_cross_family,csv_dom,opus,stdlib,cold,P9c_B06,1,1
P9_csv_cross_family,csv_dom,opus,stdlib,mismatched,P9c_B06,0,1
P9_csv_cross_family,csv_dom,opus,stdlib,cold,P9c_B07,0,1
P9_csv_cross_family,csv_dom,opus,stdlib,mismatched,P9c_B07,0,1
P9_csv_cross_family,csv_dom,opus,stdlib,cold,P9c_B08,1,1
P9_csv_cross_family,csv_dom,opus,stdlib,mismatched,P9c_B08,0,1
P9_csv_cross_family,csv_dom,opus,stdlib,cold,P9c_B09,0,1
P9_csv_cross_family,csv_dom,opus,stdlib,mismatched,P9c_B09,0,1
P9_csv_cross_family,csv_dom,opus,stdlib,cold,P9c_B10,0,1
P9_csv_cross_family,csv_dom,opus,stdlib,mismatched,P9c_B10,0,1
P9_csv_cross_family,csv_dom,opus,stdlib,cold,P9c_B11,0,1
P9_csv_cross_family,csv_dom,opus,stdlib,mismatched,P9c_B11,0,1
P9_csv_cross_family,csv_dom,opus,stdlib,cold,P9c_B12,1,1
P9_csv_cross_family,csv_dom,opus,stdlib,mismatched,P9c_B12,0,1
P9_csv_cross_family,csv_dom,opus,stdlib,cold,P9c_B13,1,1
P9_csv_cross_family,csv_dom,opus,stdlib,mismatched,P9c_B13,0,1
P9_csv_cross_family,csv_dom,opus,stdlib,cold,P9c_B14,0,1
P9_csv_cross_family,csv_dom,opus,stdlib,mismatched,P9c_B14,0,1
P9_csv_cross_family,csv_dom,opus,stdlib,cold,P9c_B15,0,1
P9_csv_cross_family,csv_dom,opus,stdlib,mismatched,P9c_B15,0,1
P9_csv_cross_family,csv_dom,opus,stdlib,cold,P9c_B16,0,1
P9_csv_cross_family,csv_dom,opus,stdlib,mismatched,P9c_B16,0,1
P9_csv_cross_family,csv_dom,opus,stdlib,cold,P9c_B17,1,1
P9_csv_cross_family,csv_dom,opus,stdlib,mismatched,P9c_B17,0,1
P9_csv_cross_family,csv_dom,opus,stdlib,cold,P9c_B18,0,1
P9_csv_cross_family,csv_dom,opus,stdlib,mismatched,P9c_B18,0,1
P9_csv_cross_family,csv_dom,opus,stdlib,cold,P9c_B19,0,1
P9_csv_cross_family,csv_dom,opus,stdlib,mismatched,P9c_B19,0,1
P9_csv_cross_family,csv_dom,opus,stdlib,cold,P9c_B20,0,1
P9_csv_cross_family,csv_dom,opus,stdlib,mismatched,P9c_B20,0,1
P9_csv_cross_family,csv_dom,opus,stdlib,cold,P9c_B21,1,1
P9_csv_cross_family,csv_dom,opus,stdlib,mismatched,P9c_B21,0,1
P9_csv_cross_family,csv_dom,opus,stdlib,cold,P9c_B22,0,1
P9_csv_cross_family,csv_dom,opus,stdlib,mismatched,P9c_B22,0,1
P9_csv_cross_family,csv_dom,opus,stdlib,cold,P9c_B23,0,1
P9_csv_cross_family,csv_dom,opus,stdlib,mismatched,P9c_B23,0,1
P9_csv_cross_family,csv_dom,opus,stdlib,cold,P9c_B24,0,1
P9_csv_cross_family,csv_dom,opus,stdlib,mismatched,P9c_B24,0,1
P9_csv_cross_family,csv_dom,opus,stdlib,cold,P9c_B25,0,1
P9_csv_cross_family,csv_dom,opus,stdlib,mismatched,P9c_B25,0,1
P9_csv_cross_family,csv_dom,opus,stdlib,cold,P9c_B26,0,1
P9_csv_cross_family,csv_dom,opus,stdlib,mismatched,P9c_B26,0,1
P9_csv_cross_family,csv_dom,opus,stdlib,cold,P9c_B27,0,1
P9_csv_cross_family,csv_dom,opus,stdlib,mismatched,P9c_B27,0,1
P9_csv_cross_family,csv_dom,opus,stdlib,cold,P9c_B28,1,1
P9_csv_cross_family,csv_dom,opus,stdlib,mismatched,P9c_B28,0,1
P9_csv_cross_family,csv_dom,opus,stdlib,cold,P9c_B29,0,1
P9_csv_cross_family,csv_dom,opus,stdlib,mismatched,P9c_B29,0,1
P9_csv_cross_family,csv_dom,opus,stdlib,cold,P9c_B30,0,1
P9_csv_cross_family,csv_dom,opus,stdlib,mismatched,P9c_B30,0,1
P9_csv_cross_family,csv_dom,gemini31,stdlib,cold,P9c_B01,1,1
P9_csv_cross_family,csv_dom,gemini31,stdlib,mismatched,P9c_B01,0,1
P9_csv_cross_family,csv_dom,gemini31,stdlib,cold,P9c_B02,0,1
P9_csv_cross_family,csv_dom,gemini31,stdlib,mismatched,P9c_B02,0,1
P9_csv_cross_family,csv_dom,gemini31,stdlib,cold,P9c_B03,1,1
P9_csv_cross_family,csv_dom,gemini31,stdlib,mismatched,P9c_B03,0,1
P9_csv_cross_family,csv_dom,gemini31,stdlib,cold,P9c_B04,1,1
P9_csv_cross_family,csv_dom,gemini31,stdlib,mismatched,P9c_B04,0,1
P9_csv_cross_family,csv_dom,gemini31,stdlib,cold,P9c_B05,1,1
P9_csv_cross_family,csv_dom,gemini31,stdlib,mismatched,P9c_B05,0,1
P9_csv_cross_family,csv_dom,gemini31,stdlib,cold,P9c_B06,1,1
P9_csv_cross_family,csv_dom,gemini31,stdlib,mismatched,P9c_B06,1,1
P9_csv_cross_family,csv_dom,gemini31,stdlib,cold,P9c_B07,1,1
P9_csv_cross_family,csv_dom,gemini31,stdlib,mismatched,P9c_B07,0,1
P9_csv_cross_family,csv_dom,gemini31,stdlib,cold,P9c_B08,1,1
P9_csv_cross_family,csv_dom,gemini31,stdlib,mismatched,P9c_B08,0,1
P9_csv_cross_family,csv_dom,gemini31,stdlib,cold,P9c_B09,0,1
P9_csv_cross_family,csv_dom,gemini31,stdlib,mismatched,P9c_B09,0,1
P9_csv_cross_family,csv_dom,gemini31,stdlib,cold,P9c_B10,1,1
P9_csv_cross_family,csv_dom,gemini31,stdlib,mismatched,P9c_B10,0,1
P9_csv_cross_family,csv_dom,gemini31,stdlib,cold,P9c_B11,1,1
P9_csv_cross_family,csv_dom,gemini31,stdlib,mismatched,P9c_B11,0,1
P9_csv_cross_family,csv_dom,gemini31,stdlib,cold,P9c_B12,1,1
P9_csv_cross_family,csv_dom,gemini31,stdlib,mismatched,P9c_B12,0,1
P9_csv_cross_family,csv_dom,gemini31,stdlib,cold,P9c_B13,1,1
P9_csv_cross_family,csv_dom,gemini31,stdlib,mismatched,P9c_B13,0,1
P9_csv_cross_family,csv_dom,gemini31,stdlib,cold,P9c_B14,1,1
P9_csv_cross_family,csv_dom,gemini31,stdlib,mismatched,P9c_B14,0,1
P9_csv_cross_family,csv_dom,gemini31,stdlib,cold,P9c_B15,1,1
P9_csv_cross_family,csv_dom,gemini31,stdlib,mismatched,P9c_B15,0,1
P9_csv_cross_family,csv_dom,gemini31,stdlib,cold,P9c_B16,0,1
P9_csv_cross_family,csv_dom,gemini31,stdlib,mismatched,P9c_B16,0,1
P9_csv_cross_family,csv_dom,gemini31,stdlib,cold,P9c_B17,1,1
P9_csv_cross_family,csv_dom,gemini31,stdlib,mismatched,P9c_B17,0,1
P9_csv_cross_family,csv_dom,gemini31,stdlib,cold,P9c_B18,1,1
P9_csv_cross_family,csv_dom,gemini31,stdlib,mismatched,P9c_B18,0,1
P9_csv_cross_family,csv_dom,gemini31,stdlib,cold,P9c_B19,0,1
P9_csv_cross_family,csv_dom,gemini31,stdlib,mismatched,P9c_B19,0,1
P9_csv_cross_family,csv_dom,gemini31,stdlib,cold,P9c_B20,0,1
P9_csv_cross_family,csv_dom,gemini31,stdlib,mismatched,P9c_B20,0,1
P9_csv_cross_family,csv_dom,gemini31,stdlib,cold,P9c_B21,1,1
P9_csv_cross_family,csv_dom,gemini31,stdlib,mismatched,P9c_B21,0,1
P9_csv_cross_family,csv_dom,gemini31,stdlib,cold,P9c_B22,0,1
P9_csv_cross_family,csv_dom,gemini31,stdlib,mismatched,P9c_B22,0,1
P9_csv_cross_family,csv_dom,gemini31,stdlib,cold,P9c_B23,0,1
P9_csv_cross_family,csv_dom,gemini31,stdlib,mismatched,P9c_B23,0,1
P9_csv_cross_family,csv_dom,gemini31,stdlib,cold,P9c_B24,0,1
P9_csv_cross_family,csv_dom,gemini31,stdlib,mismatched,P9c_B24,0,1
P9_csv_cross_family,csv_dom,gemini31,stdlib,cold,P9c_B25,0,1
P9_csv_cross_family,csv_dom,gemini31,stdlib,mismatched,P9c_B25,0,1
P9_csv_cross_family,csv_dom,gemini31,stdlib,cold,P9c_B26,0,1
P9_csv_cross_family,csv_dom,gemini31,stdlib,mismatched,P9c_B26,0,1
P9_csv_cross_family,csv_dom,gemini31,stdlib,cold,P9c_B27,1,1
P9_csv_cross_family,csv_dom,gemini31,stdlib,mismatched,P9c_B27,0,1
P9_csv_cross_family,csv_dom,gemini31,stdlib,cold,P9c_B28,1,1
P9_csv_cross_family,csv_dom,gemini31,stdlib,mismatched,P9c_B28,0,1
P9_csv_cross_family,csv_dom,gemini31,stdlib,cold,P9c_B29,1,1
P9_csv_cross_family,csv_dom,gemini31,stdlib,mismatched,P9c_B29,0,1
P9_csv_cross_family,csv_dom,gemini31,stdlib,cold,P9c_B30,0,1
P9_csv_cross_family,csv_dom,gemini31,stdlib,mismatched,P9c_B30,0,1
P10_thirdparty,dateutil_dom,codex,third_party,cold,P10d_B01,1,1
P10_thirdparty,dateutil_dom,codex,third_party,mismatched,P10d_B01,0,1
P10_thirdparty,dateutil_dom,codex,third_party,cold,P10d_B02,1,1
P10_thirdparty,dateutil_dom,codex,third_party,mismatched,P10d_B02,0,1
P10_thirdparty,dateutil_dom,codex,third_party,cold,P10d_B03,1,1
P10_thirdparty,dateutil_dom,codex,third_party,mismatched,P10d_B03,0,1
P10_thirdparty,dateutil_dom,codex,third_party,cold,P10d_B04,1,1
P10_thirdparty,dateutil_dom,codex,third_party,mismatched,P10d_B04,0,1
P10_thirdparty,dateutil_dom,codex,third_party,cold,P10d_B05,1,1
P10_thirdparty,dateutil_dom,codex,third_party,mismatched,P10d_B05,0,1
P10_thirdparty,dateutil_dom,codex,third_party,cold,P10d_B06,1,1
P10_thirdparty,dateutil_dom,codex,third_party,mismatched,P10d_B06,0,1
P10_thirdparty,dateutil_dom,codex,third_party,cold,P10d_B07,1,1
P10_thirdparty,dateutil_dom,codex,third_party,mismatched,P10d_B07,0,1
P10_thirdparty,dateutil_dom,codex,third_party,cold,P10d_B08,1,1
P10_thirdparty,dateutil_dom,codex,third_party,mismatched,P10d_B08,0,1
P10_thirdparty,dateutil_dom,codex,third_party,cold,P10d_B09,1,1
P10_thirdparty,dateutil_dom,codex,third_party,mismatched,P10d_B09,0,1
P10_thirdparty,dateutil_dom,codex,third_party,cold,P10d_B10,1,1
P10_thirdparty,dateutil_dom,codex,third_party,mismatched,P10d_B10,0,1
P10_thirdparty,dateutil_dom,codex,third_party,cold,P10d_B11,1,1
P10_thirdparty,dateutil_dom,codex,third_party,mismatched,P10d_B11,0,1
P10_thirdparty,dateutil_dom,codex,third_party,cold,P10d_B12,1,1
P10_thirdparty,dateutil_dom,codex,third_party,mismatched,P10d_B12,0,1
P10_thirdparty,dateutil_dom,codex,third_party,cold,P10d_B13,1,1
P10_thirdparty,dateutil_dom,codex,third_party,mismatched,P10d_B13,0,1
P10_thirdparty,dateutil_dom,codex,third_party,cold,P10d_B14,1,1
P10_thirdparty,dateutil_dom,codex,third_party,mismatched,P10d_B14,0,1
P10_thirdparty,dateutil_dom,codex,third_party,cold,P10d_B15,1,1
P10_thirdparty,dateutil_dom,codex,third_party,mismatched,P10d_B15,0,1
P10_thirdparty,dateutil_dom,codex,third_party,cold,P10d_B16,0,1
P10_thirdparty,dateutil_dom,codex,third_party,mismatched,P10d_B16,0,1
P10_thirdparty,dateutil_dom,codex,third_party,cold,P10d_B17,0,1
P10_thirdparty,dateutil_dom,codex,third_party,mismatched,P10d_B17,0,1
P10_thirdparty,dateutil_dom,codex,third_party,cold,P10d_B18,1,1
P10_thirdparty,dateutil_dom,codex,third_party,mismatched,P10d_B18,0,1
P10_thirdparty,dateutil_dom,codex,third_party,cold,P10d_B19,1,1
P10_thirdparty,dateutil_dom,codex,third_party,mismatched,P10d_B19,0,1
P10_thirdparty,dateutil_dom,codex,third_party,cold,P10d_B20,1,1
P10_thirdparty,dateutil_dom,codex,third_party,mismatched,P10d_B20,0,1
P10_thirdparty,dateutil_dom,codex,third_party,cold,P10d_B21,1,1
P10_thirdparty,dateutil_dom,codex,third_party,mismatched,P10d_B21,0,1
P10_thirdparty,dateutil_dom,codex,third_party,cold,P10d_B22,1,1
P10_thirdparty,dateutil_dom,codex,third_party,mismatched,P10d_B22,0,1
P10_thirdparty,dateutil_dom,codex,third_party,cold,P10d_B23,1,1
P10_thirdparty,dateutil_dom,codex,third_party,mismatched,P10d_B23,0,1
P10_thirdparty,dateutil_dom,codex,third_party,cold,P10d_B24,1,1
P10_thirdparty,dateutil_dom,codex,third_party,mismatched,P10d_B24,0,1
P10_thirdparty,dateutil_dom,codex,third_party,cold,P10d_B25,1,1
P10_thirdparty,dateutil_dom,codex,third_party,mismatched,P10d_B25,0,1
P10_thirdparty,dateutil_dom,codex,third_party,cold,P10d_B26,1,1
P10_thirdparty,dateutil_dom,codex,third_party,mismatched,P10d_B26,0,1
P10_thirdparty,dateutil_dom,codex,third_party,cold,P10d_B27,1,1
P10_thirdparty,dateutil_dom,codex,third_party,mismatched,P10d_B27,0,1
P10_thirdparty,dateutil_dom,codex,third_party,cold,P10d_B28,1,1
P10_thirdparty,dateutil_dom,codex,third_party,mismatched,P10d_B28,0,1
P10_thirdparty,dateutil_dom,codex,third_party,cold,P10d_B29,1,1
P10_thirdparty,dateutil_dom,codex,third_party,mismatched,P10d_B29,0,1
P10_thirdparty,dateutil_dom,codex,third_party,cold,P10d_B30,1,1
P10_thirdparty,dateutil_dom,codex,third_party,mismatched,P10d_B30,0,1
P10_thirdparty,dateutil_dom,opus,third_party,cold,P10d_B01,1,1
P10_thirdparty,dateutil_dom,opus,third_party,mismatched,P10d_B01,0,1
P10_thirdparty,dateutil_dom,opus,third_party,cold,P10d_B02,1,1
P10_thirdparty,dateutil_dom,opus,third_party,mismatched,P10d_B02,0,1
P10_thirdparty,dateutil_dom,opus,third_party,cold,P10d_B03,1,1
P10_thirdparty,dateutil_dom,opus,third_party,mismatched,P10d_B03,0,1
P10_thirdparty,dateutil_dom,opus,third_party,cold,P10d_B04,1,1
P10_thirdparty,dateutil_dom,opus,third_party,mismatched,P10d_B04,0,1
P10_thirdparty,dateutil_dom,opus,third_party,cold,P10d_B05,1,1
P10_thirdparty,dateutil_dom,opus,third_party,mismatched,P10d_B05,1,1
P10_thirdparty,dateutil_dom,opus,third_party,cold,P10d_B06,1,1
P10_thirdparty,dateutil_dom,opus,third_party,mismatched,P10d_B06,0,1
P10_thirdparty,dateutil_dom,opus,third_party,cold,P10d_B07,0,0
P10_thirdparty,dateutil_dom,opus,third_party,mismatched,P10d_B07,0,1
P10_thirdparty,dateutil_dom,opus,third_party,cold,P10d_B08,1,1
P10_thirdparty,dateutil_dom,opus,third_party,mismatched,P10d_B08,0,1
P10_thirdparty,dateutil_dom,opus,third_party,cold,P10d_B09,1,1
P10_thirdparty,dateutil_dom,opus,third_party,mismatched,P10d_B09,0,1
P10_thirdparty,dateutil_dom,opus,third_party,cold,P10d_B10,1,1
P10_thirdparty,dateutil_dom,opus,third_party,mismatched,P10d_B10,0,1
P10_thirdparty,dateutil_dom,opus,third_party,cold,P10d_B11,1,1
P10_thirdparty,dateutil_dom,opus,third_party,mismatched,P10d_B11,0,1
P10_thirdparty,dateutil_dom,opus,third_party,cold,P10d_B12,1,1
P10_thirdparty,dateutil_dom,opus,third_party,mismatched,P10d_B12,0,1
P10_thirdparty,dateutil_dom,opus,third_party,cold,P10d_B13,1,1
P10_thirdparty,dateutil_dom,opus,third_party,mismatched,P10d_B13,0,1
P10_thirdparty,dateutil_dom,opus,third_party,cold,P10d_B14,1,1
P10_thirdparty,dateutil_dom,opus,third_party,mismatched,P10d_B14,0,1
P10_thirdparty,dateutil_dom,opus,third_party,cold,P10d_B15,1,1
P10_thirdparty,dateutil_dom,opus,third_party,mismatched,P10d_B15,0,1
P10_thirdparty,dateutil_dom,opus,third_party,cold,P10d_B16,1,1
P10_thirdparty,dateutil_dom,opus,third_party,mismatched,P10d_B16,0,1
P10_thirdparty,dateutil_dom,opus,third_party,cold,P10d_B17,1,1
P10_thirdparty,dateutil_dom,opus,third_party,mismatched,P10d_B17,0,1
P10_thirdparty,dateutil_dom,opus,third_party,cold,P10d_B18,1,1
P10_thirdparty,dateutil_dom,opus,third_party,mismatched,P10d_B18,0,1
P10_thirdparty,dateutil_dom,opus,third_party,cold,P10d_B19,1,1
P10_thirdparty,dateutil_dom,opus,third_party,mismatched,P10d_B19,0,1
P10_thirdparty,dateutil_dom,opus,third_party,cold,P10d_B20,1,1
P10_thirdparty,dateutil_dom,opus,third_party,mismatched,P10d_B20,0,1
P10_thirdparty,dateutil_dom,opus,third_party,cold,P10d_B21,1,1
P10_thirdparty,dateutil_dom,opus,third_party,mismatched,P10d_B21,0,1
P10_thirdparty,dateutil_dom,opus,third_party,cold,P10d_B22,1,1
P10_thirdparty,dateutil_dom,opus,third_party,mismatched,P10d_B22,0,1
P10_thirdparty,dateutil_dom,opus,third_party,cold,P10d_B23,1,1
P10_thirdparty,dateutil_dom,opus,third_party,mismatched,P10d_B23,0,1
P10_thirdparty,dateutil_dom,opus,third_party,cold,P10d_B24,1,1
P10_thirdparty,dateutil_dom,opus,third_party,mismatched,P10d_B24,0,1
P10_thirdparty,dateutil_dom,opus,third_party,cold,P10d_B25,1,1
P10_thirdparty,dateutil_dom,opus,third_party,mismatched,P10d_B25,0,1
P10_thirdparty,dateutil_dom,opus,third_party,cold,P10d_B26,1,1
P10_thirdparty,dateutil_dom,opus,third_party,mismatched,P10d_B26,0,1
P10_thirdparty,dateutil_dom,opus,third_party,cold,P10d_B27,1,1
P10_thirdparty,dateutil_dom,opus,third_party,mismatched,P10d_B27,0,1
P10_thirdparty,dateutil_dom,opus,third_party,cold,P10d_B28,1,1
P10_thirdparty,dateutil_dom,opus,third_party,mismatched,P10d_B28,0,1
P10_thirdparty,dateutil_dom,opus,third_party,cold,P10d_B29,1,1
P10_thirdparty,dateutil_dom,opus,third_party,mismatched,P10d_B29,0,1
P10_thirdparty,dateutil_dom,opus,third_party,cold,P10d_B30,1,1
P10_thirdparty,dateutil_dom,opus,third_party,mismatched,P10d_B30,0,1
P10_thirdparty,dateutil_dom,gemini31,third_party,cold,P10d_B01,0,1
P10_thirdparty,dateutil_dom,gemini31,third_party,mismatched,P10d_B01,0,1
P10_thirdparty,dateutil_dom,gemini31,third_party,cold,P10d_B02,1,1
P10_thirdparty,dateutil_dom,gemini31,third_party,mismatched,P10d_B02,0,1
P10_thirdparty,dateutil_dom,gemini31,third_party,cold,P10d_B03,1,1
P10_thirdparty,dateutil_dom,gemini31,third_party,mismatched,P10d_B03,0,1
P10_thirdparty,dateutil_dom,gemini31,third_party,cold,P10d_B04,1,1
P10_thirdparty,dateutil_dom,gemini31,third_party,mismatched,P10d_B04,0,1
P10_thirdparty,dateutil_dom,gemini31,third_party,cold,P10d_B05,1,1
P10_thirdparty,dateutil_dom,gemini31,third_party,mismatched,P10d_B05,1,1
P10_thirdparty,dateutil_dom,gemini31,third_party,cold,P10d_B06,1,1
P10_thirdparty,dateutil_dom,gemini31,third_party,mismatched,P10d_B06,0,1
P10_thirdparty,dateutil_dom,gemini31,third_party,cold,P10d_B07,1,1
P10_thirdparty,dateutil_dom,gemini31,third_party,mismatched,P10d_B07,0,1
P10_thirdparty,dateutil_dom,gemini31,third_party,cold,P10d_B08,1,1
P10_thirdparty,dateutil_dom,gemini31,third_party,mismatched,P10d_B08,0,1
P10_thirdparty,dateutil_dom,gemini31,third_party,cold,P10d_B09,1,1
P10_thirdparty,dateutil_dom,gemini31,third_party,mismatched,P10d_B09,1,1
P10_thirdparty,dateutil_dom,gemini31,third_party,cold,P10d_B10,1,1
P10_thirdparty,dateutil_dom,gemini31,third_party,mismatched,P10d_B10,0,1
P10_thirdparty,dateutil_dom,gemini31,third_party,cold,P10d_B11,1,1
P10_thirdparty,dateutil_dom,gemini31,third_party,mismatched,P10d_B11,0,1
P10_thirdparty,dateutil_dom,gemini31,third_party,cold,P10d_B12,1,1
P10_thirdparty,dateutil_dom,gemini31,third_party,mismatched,P10d_B12,0,1
P10_thirdparty,dateutil_dom,gemini31,third_party,cold,P10d_B13,1,1
P10_thirdparty,dateutil_dom,gemini31,third_party,mismatched,P10d_B13,0,1
P10_thirdparty,dateutil_dom,gemini31,third_party,cold,P10d_B14,1,1
P10_thirdparty,dateutil_dom,gemini31,third_party,mismatched,P10d_B14,0,1
P10_thirdparty,dateutil_dom,gemini31,third_party,cold,P10d_B15,1,1
P10_thirdparty,dateutil_dom,gemini31,third_party,mismatched,P10d_B15,0,1
P10_thirdparty,dateutil_dom,gemini31,third_party,cold,P10d_B16,1,1
P10_thirdparty,dateutil_dom,gemini31,third_party,mismatched,P10d_B16,0,1
P10_thirdparty,dateutil_dom,gemini31,third_party,cold,P10d_B17,1,1
P10_thirdparty,dateutil_dom,gemini31,third_party,mismatched,P10d_B17,0,1
P10_thirdparty,dateutil_dom,gemini31,third_party,cold,P10d_B18,1,1
P10_thirdparty,dateutil_dom,gemini31,third_party,mismatched,P10d_B18,0,1
P10_thirdparty,dateutil_dom,gemini31,third_party,cold,P10d_B19,1,1
P10_thirdparty,dateutil_dom,gemini31,third_party,mismatched,P10d_B19,0,1
P10_thirdparty,dateutil_dom,gemini31,third_party,cold,P10d_B20,1,1
P10_thirdparty,dateutil_dom,gemini31,third_party,mismatched,P10d_B20,0,1
P10_thirdparty,dateutil_dom,gemini31,third_party,cold,P10d_B21,1,1
P10_thirdparty,dateutil_dom,gemini31,third_party,mismatched,P10d_B21,1,1
P10_thirdparty,dateutil_dom,gemini31,third_party,cold,P10d_B22,1,1
P10_thirdparty,dateutil_dom,gemini31,third_party,mismatched,P10d_B22,0,1
P10_thirdparty,dateutil_dom,gemini31,third_party,cold,P10d_B23,1,1
P10_thirdparty,dateutil_dom,gemini31,third_party,mismatched,P10d_B23,0,1
P10_thirdparty,dateutil_dom,gemini31,third_party,cold,P10d_B24,1,1
P10_thirdparty,dateutil_dom,gemini31,third_party,mismatched,P10d_B24,0,1
P10_thirdparty,dateutil_dom,gemini31,third_party,cold,P10d_B25,1,1
P10_thirdparty,dateutil_dom,gemini31,third_party,mismatched,P10d_B25,0,1
P10_thirdparty,dateutil_dom,gemini31,third_party,cold,P10d_B26,1,1
P10_thirdparty,dateutil_dom,gemini31,third_party,mismatched,P10d_B26,0,1
P10_thirdparty,dateutil_dom,gemini31,third_party,cold,P10d_B27,1,1
P10_thirdparty,dateutil_dom,gemini31,third_party,mismatched,P10d_B27,0,1
P10_thirdparty,dateutil_dom,gemini31,third_party,cold,P10d_B28,1,1
P10_thirdparty,dateutil_dom,gemini31,third_party,mismatched,P10d_B28,0,1
P10_thirdparty,dateutil_dom,gemini31,third_party,cold,P10d_B29,1,1
P10_thirdparty,dateutil_dom,gemini31,third_party,mismatched,P10d_B29,0,1
P10_thirdparty,dateutil_dom,gemini31,third_party,cold,P10d_B30,1,1
P10_thirdparty,dateutil_dom,gemini31,third_party,mismatched,P10d_B30,0,1
P10_thirdparty,parsy_dom,codex,third_party,cold,P10p_B01,1,1
P10_thirdparty,parsy_dom,codex,third_party,mismatched,P10p_B01,0,1
P10_thirdparty,parsy_dom,codex,third_party,cold,P10p_B02,1,1
P10_thirdparty,parsy_dom,codex,third_party,mismatched,P10p_B02,0,1
P10_thirdparty,parsy_dom,codex,third_party,cold,P10p_B03,0,1
P10_thirdparty,parsy_dom,codex,third_party,mismatched,P10p_B03,0,1
P10_thirdparty,parsy_dom,codex,third_party,cold,P10p_B04,1,1
P10_thirdparty,parsy_dom,codex,third_party,mismatched,P10p_B04,0,1
P10_thirdparty,parsy_dom,codex,third_party,cold,P10p_B05,0,1
P10_thirdparty,parsy_dom,codex,third_party,mismatched,P10p_B05,0,1
P10_thirdparty,parsy_dom,codex,third_party,cold,P10p_B06,1,1
P10_thirdparty,parsy_dom,codex,third_party,mismatched,P10p_B06,0,1
P10_thirdparty,parsy_dom,codex,third_party,cold,P10p_B07,1,1
P10_thirdparty,parsy_dom,codex,third_party,mismatched,P10p_B07,0,1
P10_thirdparty,parsy_dom,codex,third_party,cold,P10p_B08,0,1
P10_thirdparty,parsy_dom,codex,third_party,mismatched,P10p_B08,0,1
P10_thirdparty,parsy_dom,codex,third_party,cold,P10p_B09,1,1
P10_thirdparty,parsy_dom,codex,third_party,mismatched,P10p_B09,0,1
P10_thirdparty,parsy_dom,codex,third_party,cold,P10p_B10,1,1
P10_thirdparty,parsy_dom,codex,third_party,mismatched,P10p_B10,0,1
P10_thirdparty,parsy_dom,codex,third_party,cold,P10p_B11,1,1
P10_thirdparty,parsy_dom,codex,third_party,mismatched,P10p_B11,0,1
P10_thirdparty,parsy_dom,codex,third_party,cold,P10p_B12,0,1
P10_thirdparty,parsy_dom,codex,third_party,mismatched,P10p_B12,0,1
P10_thirdparty,parsy_dom,codex,third_party,cold,P10p_B13,0,1
P10_thirdparty,parsy_dom,codex,third_party,mismatched,P10p_B13,0,1
P10_thirdparty,parsy_dom,codex,third_party,cold,P10p_B14,0,1
P10_thirdparty,parsy_dom,codex,third_party,mismatched,P10p_B14,0,1
P10_thirdparty,parsy_dom,codex,third_party,cold,P10p_B15,1,1
P10_thirdparty,parsy_dom,codex,third_party,mismatched,P10p_B15,0,1
P10_thirdparty,parsy_dom,codex,third_party,cold,P10p_B16,0,1
P10_thirdparty,parsy_dom,codex,third_party,mismatched,P10p_B16,0,1
P10_thirdparty,parsy_dom,codex,third_party,cold,P10p_B17,0,1
P10_thirdparty,parsy_dom,codex,third_party,mismatched,P10p_B17,0,1
P10_thirdparty,parsy_dom,codex,third_party,cold,P10p_B18,1,1
P10_thirdparty,parsy_dom,codex,third_party,mismatched,P10p_B18,0,1
P10_thirdparty,parsy_dom,codex,third_party,cold,P10p_B19,1,1
P10_thirdparty,parsy_dom,codex,third_party,mismatched,P10p_B19,0,1
P10_thirdparty,parsy_dom,codex,third_party,cold,P10p_B20,1,1
P10_thirdparty,parsy_dom,codex,third_party,mismatched,P10p_B20,0,1
P10_thirdparty,parsy_dom,codex,third_party,cold,P10p_B21,0,1
P10_thirdparty,parsy_dom,codex,third_party,mismatched,P10p_B21,0,1
P10_thirdparty,parsy_dom,codex,third_party,cold,P10p_B22,0,1
P10_thirdparty,parsy_dom,codex,third_party,mismatched,P10p_B22,0,1
P10_thirdparty,parsy_dom,codex,third_party,cold,P10p_B23,0,1
P10_thirdparty,parsy_dom,codex,third_party,mismatched,P10p_B23,0,1
P10_thirdparty,parsy_dom,codex,third_party,cold,P10p_B24,1,1
P10_thirdparty,parsy_dom,codex,third_party,mismatched,P10p_B24,0,1
P10_thirdparty,parsy_dom,codex,third_party,cold,P10p_B25,1,1
P10_thirdparty,parsy_dom,codex,third_party,mismatched,P10p_B25,0,1
P10_thirdparty,parsy_dom,codex,third_party,cold,P10p_B26,0,1
P10_thirdparty,parsy_dom,codex,third_party,mismatched,P10p_B26,0,1
P10_thirdparty,parsy_dom,codex,third_party,cold,P10p_B27,0,1
P10_thirdparty,parsy_dom,codex,third_party,mismatched,P10p_B27,0,1
P10_thirdparty,parsy_dom,codex,third_party,cold,P10p_B28,0,1
P10_thirdparty,parsy_dom,codex,third_party,mismatched,P10p_B28,0,1
P10_thirdparty,parsy_dom,codex,third_party,cold,P10p_B29,1,1
P10_thirdparty,parsy_dom,codex,third_party,mismatched,P10p_B29,0,1
P10_thirdparty,parsy_dom,codex,third_party,cold,P10p_B30,1,1
P10_thirdparty,parsy_dom,codex,third_party,mismatched,P10p_B30,0,1
P10_thirdparty,parsy_dom,opus,third_party,cold,P10p_B01,1,1
P10_thirdparty,parsy_dom,opus,third_party,mismatched,P10p_B01,0,1
P10_thirdparty,parsy_dom,opus,third_party,cold,P10p_B02,1,1
P10_thirdparty,parsy_dom,opus,third_party,mismatched,P10p_B02,0,1
P10_thirdparty,parsy_dom,opus,third_party,cold,P10p_B03,0,1
P10_thirdparty,parsy_dom,opus,third_party,mismatched,P10p_B03,0,1
P10_thirdparty,parsy_dom,opus,third_party,cold,P10p_B04,1,1
P10_thirdparty,parsy_dom,opus,third_party,mismatched,P10p_B04,0,1
P10_thirdparty,parsy_dom,opus,third_party,cold,P10p_B05,0,1
P10_thirdparty,parsy_dom,opus,third_party,mismatched,P10p_B05,0,1
P10_thirdparty,parsy_dom,opus,third_party,cold,P10p_B06,1,1
P10_thirdparty,parsy_dom,opus,third_party,mismatched,P10p_B06,0,1
P10_thirdparty,parsy_dom,opus,third_party,cold,P10p_B07,1,1
P10_thirdparty,parsy_dom,opus,third_party,mismatched,P10p_B07,0,1
P10_thirdparty,parsy_dom,opus,third_party,cold,P10p_B08,0,1
P10_thirdparty,parsy_dom,opus,third_party,mismatched,P10p_B08,0,1
P10_thirdparty,parsy_dom,opus,third_party,cold,P10p_B09,1,1
P10_thirdparty,parsy_dom,opus,third_party,mismatched,P10p_B09,1,1
P10_thirdparty,parsy_dom,opus,third_party,cold,P10p_B10,1,1
P10_thirdparty,parsy_dom,opus,third_party,mismatched,P10p_B10,0,1
P10_thirdparty,parsy_dom,opus,third_party,cold,P10p_B11,1,1
P10_thirdparty,parsy_dom,opus,third_party,mismatched,P10p_B11,0,1
P10_thirdparty,parsy_dom,opus,third_party,cold,P10p_B12,0,0
P10_thirdparty,parsy_dom,opus,third_party,mismatched,P10p_B12,0,1
P10_thirdparty,parsy_dom,opus,third_party,cold,P10p_B13,1,1
P10_thirdparty,parsy_dom,opus,third_party,mismatched,P10p_B13,0,1
P10_thirdparty,parsy_dom,opus,third_party,cold,P10p_B14,0,1
P10_thirdparty,parsy_dom,opus,third_party,mismatched,P10p_B14,0,1
P10_thirdparty,parsy_dom,opus,third_party,cold,P10p_B15,1,1
P10_thirdparty,parsy_dom,opus,third_party,mismatched,P10p_B15,0,1
P10_thirdparty,parsy_dom,opus,third_party,cold,P10p_B16,0,1
P10_thirdparty,parsy_dom,opus,third_party,mismatched,P10p_B16,0,1
P10_thirdparty,parsy_dom,opus,third_party,cold,P10p_B17,0,1
P10_thirdparty,parsy_dom,opus,third_party,mismatched,P10p_B17,0,1
P10_thirdparty,parsy_dom,opus,third_party,cold,P10p_B18,1,1
P10_thirdparty,parsy_dom,opus,third_party,mismatched,P10p_B18,1,1
P10_thirdparty,parsy_dom,opus,third_party,cold,P10p_B19,1,1
P10_thirdparty,parsy_dom,opus,third_party,mismatched,P10p_B19,0,1
P10_thirdparty,parsy_dom,opus,third_party,cold,P10p_B20,1,1
P10_thirdparty,parsy_dom,opus,third_party,mismatched,P10p_B20,0,1
P10_thirdparty,parsy_dom,opus,third_party,cold,P10p_B21,1,1
P10_thirdparty,parsy_dom,opus,third_party,mismatched,P10p_B21,0,1
P10_thirdparty,parsy_dom,opus,third_party,cold,P10p_B22,1,1
P10_thirdparty,parsy_dom,opus,third_party,mismatched,P10p_B22,0,1
P10_thirdparty,parsy_dom,opus,third_party,cold,P10p_B23,0,0
P10_thirdparty,parsy_dom,opus,third_party,mismatched,P10p_B23,0,1
P10_thirdparty,parsy_dom,opus,third_party,cold,P10p_B24,1,1
P10_thirdparty,parsy_dom,opus,third_party,mismatched,P10p_B24,0,0
P10_thirdparty,parsy_dom,opus,third_party,cold,P10p_B25,1,1
P10_thirdparty,parsy_dom,opus,third_party,mismatched,P10p_B25,1,1
P10_thirdparty,parsy_dom,opus,third_party,cold,P10p_B26,0,1
P10_thirdparty,parsy_dom,opus,third_party,mismatched,P10p_B26,0,1
P10_thirdparty,parsy_dom,opus,third_party,cold,P10p_B27,0,1
P10_thirdparty,parsy_dom,opus,third_party,mismatched,P10p_B27,0,1
P10_thirdparty,parsy_dom,opus,third_party,cold,P10p_B28,0,1
P10_thirdparty,parsy_dom,opus,third_party,mismatched,P10p_B28,0,1
P10_thirdparty,parsy_dom,opus,third_party,cold,P10p_B29,1,1
P10_thirdparty,parsy_dom,opus,third_party,mismatched,P10p_B29,0,1
P10_thirdparty,parsy_dom,opus,third_party,cold,P10p_B30,0,1
P10_thirdparty,parsy_dom,opus,third_party,mismatched,P10p_B30,0,1
P10_thirdparty,parsy_dom,gemini31,third_party,cold,P10p_B01,1,1
P10_thirdparty,parsy_dom,gemini31,third_party,mismatched,P10p_B01,0,0
P10_thirdparty,parsy_dom,gemini31,third_party,cold,P10p_B02,1,1
P10_thirdparty,parsy_dom,gemini31,third_party,mismatched,P10p_B02,0,0
P10_thirdparty,parsy_dom,gemini31,third_party,cold,P10p_B03,0,1
P10_thirdparty,parsy_dom,gemini31,third_party,mismatched,P10p_B03,0,1
P10_thirdparty,parsy_dom,gemini31,third_party,cold,P10p_B04,1,1
P10_thirdparty,parsy_dom,gemini31,third_party,mismatched,P10p_B04,0,1
P10_thirdparty,parsy_dom,gemini31,third_party,cold,P10p_B05,1,1
P10_thirdparty,parsy_dom,gemini31,third_party,mismatched,P10p_B05,0,1
P10_thirdparty,parsy_dom,gemini31,third_party,cold,P10p_B06,1,1
P10_thirdparty,parsy_dom,gemini31,third_party,mismatched,P10p_B06,0,1
P10_thirdparty,parsy_dom,gemini31,third_party,cold,P10p_B07,1,1
P10_thirdparty,parsy_dom,gemini31,third_party,mismatched,P10p_B07,0,1
P10_thirdparty,parsy_dom,gemini31,third_party,cold,P10p_B08,1,1
P10_thirdparty,parsy_dom,gemini31,third_party,mismatched,P10p_B08,0,0
P10_thirdparty,parsy_dom,gemini31,third_party,cold,P10p_B09,1,1
P10_thirdparty,parsy_dom,gemini31,third_party,mismatched,P10p_B09,0,0
P10_thirdparty,parsy_dom,gemini31,third_party,cold,P10p_B10,1,1
P10_thirdparty,parsy_dom,gemini31,third_party,mismatched,P10p_B10,0,1
P10_thirdparty,parsy_dom,gemini31,third_party,cold,P10p_B11,1,1
P10_thirdparty,parsy_dom,gemini31,third_party,mismatched,P10p_B11,0,1
P10_thirdparty,parsy_dom,gemini31,third_party,cold,P10p_B12,0,1
P10_thirdparty,parsy_dom,gemini31,third_party,mismatched,P10p_B12,0,0
P10_thirdparty,parsy_dom,gemini31,third_party,cold,P10p_B13,0,1
P10_thirdparty,parsy_dom,gemini31,third_party,mismatched,P10p_B13,0,1
P10_thirdparty,parsy_dom,gemini31,third_party,cold,P10p_B14,0,1
P10_thirdparty,parsy_dom,gemini31,third_party,mismatched,P10p_B14,0,0
P10_thirdparty,parsy_dom,gemini31,third_party,cold,P10p_B15,1,1
P10_thirdparty,parsy_dom,gemini31,third_party,mismatched,P10p_B15,0,0
P10_thirdparty,parsy_dom,gemini31,third_party,cold,P10p_B16,0,1
P10_thirdparty,parsy_dom,gemini31,third_party,mismatched,P10p_B16,0,1
P10_thirdparty,parsy_dom,gemini31,third_party,cold,P10p_B17,0,1
P10_thirdparty,parsy_dom,gemini31,third_party,mismatched,P10p_B17,0,1
P10_thirdparty,parsy_dom,gemini31,third_party,cold,P10p_B18,1,1
P10_thirdparty,parsy_dom,gemini31,third_party,mismatched,P10p_B18,0,1
P10_thirdparty,parsy_dom,gemini31,third_party,cold,P10p_B19,1,1
P10_thirdparty,parsy_dom,gemini31,third_party,mismatched,P10p_B19,0,1
P10_thirdparty,parsy_dom,gemini31,third_party,cold,P10p_B20,1,1
P10_thirdparty,parsy_dom,gemini31,third_party,mismatched,P10p_B20,0,0
P10_thirdparty,parsy_dom,gemini31,third_party,cold,P10p_B21,1,1
P10_thirdparty,parsy_dom,gemini31,third_party,mismatched,P10p_B21,1,1
P10_thirdparty,parsy_dom,gemini31,third_party,cold,P10p_B22,1,1
P10_thirdparty,parsy_dom,gemini31,third_party,mismatched,P10p_B22,1,1
P10_thirdparty,parsy_dom,gemini31,third_party,cold,P10p_B23,0,1
P10_thirdparty,parsy_dom,gemini31,third_party,mismatched,P10p_B23,0,1
P10_thirdparty,parsy_dom,gemini31,third_party,cold,P10p_B24,1,1
P10_thirdparty,parsy_dom,gemini31,third_party,mismatched,P10p_B24,0,1
P10_thirdparty,parsy_dom,gemini31,third_party,cold,P10p_B25,1,1
P10_thirdparty,parsy_dom,gemini31,third_party,mismatched,P10p_B25,0,1
P10_thirdparty,parsy_dom,gemini31,third_party,cold,P10p_B26,0,1
P10_thirdparty,parsy_dom,gemini31,third_party,mismatched,P10p_B26,0,1
P10_thirdparty,parsy_dom,gemini31,third_party,cold,P10p_B27,1,1
P10_thirdparty,parsy_dom,gemini31,third_party,mismatched,P10p_B27,0,1
P10_thirdparty,parsy_dom,gemini31,third_party,cold,P10p_B28,0,1
P10_thirdparty,parsy_dom,gemini31,third_party,mismatched,P10p_B28,0,1
P10_thirdparty,parsy_dom,gemini31,third_party,cold,P10p_B29,1,1
P10_thirdparty,parsy_dom,gemini31,third_party,mismatched,P10p_B29,0,1
P10_thirdparty,parsy_dom,gemini31,third_party,cold,P10p_B30,0,1
P10_thirdparty,parsy_dom,gemini31,third_party,mismatched,P10p_B30,0,1
P10_thirdparty,chardet_dom,codex,third_party,cold,P10c_B01,1,1
P10_thirdparty,chardet_dom,codex,third_party,mismatched,P10c_B01,0,1
P10_thirdparty,chardet_dom,codex,third_party,cold,P10c_B02,1,1
P10_thirdparty,chardet_dom,codex,third_party,mismatched,P10c_B02,0,1
P10_thirdparty,chardet_dom,codex,third_party,cold,P10c_B03,1,1
P10_thirdparty,chardet_dom,codex,third_party,mismatched,P10c_B03,0,1
P10_thirdparty,chardet_dom,codex,third_party,cold,P10c_B04,1,1
P10_thirdparty,chardet_dom,codex,third_party,mismatched,P10c_B04,0,1
P10_thirdparty,chardet_dom,codex,third_party,cold,P10c_B05,1,1
P10_thirdparty,chardet_dom,codex,third_party,mismatched,P10c_B05,0,1
P10_thirdparty,chardet_dom,codex,third_party,cold,P10c_B06,1,1
P10_thirdparty,chardet_dom,codex,third_party,mismatched,P10c_B06,0,1
P10_thirdparty,chardet_dom,codex,third_party,cold,P10c_B07,1,1
P10_thirdparty,chardet_dom,codex,third_party,mismatched,P10c_B07,0,1
P10_thirdparty,chardet_dom,codex,third_party,cold,P10c_B08,1,1
P10_thirdparty,chardet_dom,codex,third_party,mismatched,P10c_B08,0,1
P10_thirdparty,chardet_dom,codex,third_party,cold,P10c_B09,0,1
P10_thirdparty,chardet_dom,codex,third_party,mismatched,P10c_B09,0,1
P10_thirdparty,chardet_dom,codex,third_party,cold,P10c_B10,1,1
P10_thirdparty,chardet_dom,codex,third_party,mismatched,P10c_B10,0,1
P10_thirdparty,chardet_dom,codex,third_party,cold,P10c_B11,1,1
P10_thirdparty,chardet_dom,codex,third_party,mismatched,P10c_B11,0,1
P10_thirdparty,chardet_dom,codex,third_party,cold,P10c_B12,1,1
P10_thirdparty,chardet_dom,codex,third_party,mismatched,P10c_B12,0,1
P10_thirdparty,chardet_dom,codex,third_party,cold,P10c_B13,1,1
P10_thirdparty,chardet_dom,codex,third_party,mismatched,P10c_B13,0,1
P10_thirdparty,chardet_dom,codex,third_party,cold,P10c_B14,1,1
P10_thirdparty,chardet_dom,codex,third_party,mismatched,P10c_B14,0,1
P10_thirdparty,chardet_dom,codex,third_party,cold,P10c_B15,1,1
P10_thirdparty,chardet_dom,codex,third_party,mismatched,P10c_B15,0,1
P10_thirdparty,chardet_dom,codex,third_party,cold,P10c_B16,1,1
P10_thirdparty,chardet_dom,codex,third_party,mismatched,P10c_B16,0,1
P10_thirdparty,chardet_dom,codex,third_party,cold,P10c_B17,1,1
P10_thirdparty,chardet_dom,codex,third_party,mismatched,P10c_B17,0,1
P10_thirdparty,chardet_dom,codex,third_party,cold,P10c_B18,1,1
P10_thirdparty,chardet_dom,codex,third_party,mismatched,P10c_B18,0,1
P10_thirdparty,chardet_dom,codex,third_party,cold,P10c_B19,1,1
P10_thirdparty,chardet_dom,codex,third_party,mismatched,P10c_B19,0,1
P10_thirdparty,chardet_dom,codex,third_party,cold,P10c_B20,1,1
P10_thirdparty,chardet_dom,codex,third_party,mismatched,P10c_B20,0,1
P10_thirdparty,chardet_dom,codex,third_party,cold,P10c_B21,1,1
P10_thirdparty,chardet_dom,codex,third_party,mismatched,P10c_B21,0,1
P10_thirdparty,chardet_dom,codex,third_party,cold,P10c_B22,1,1
P10_thirdparty,chardet_dom,codex,third_party,mismatched,P10c_B22,0,1
P10_thirdparty,chardet_dom,codex,third_party,cold,P10c_B23,1,1
P10_thirdparty,chardet_dom,codex,third_party,mismatched,P10c_B23,0,1
P10_thirdparty,chardet_dom,codex,third_party,cold,P10c_B24,1,1
P10_thirdparty,chardet_dom,codex,third_party,mismatched,P10c_B24,0,1
P10_thirdparty,chardet_dom,codex,third_party,cold,P10c_B25,1,1
P10_thirdparty,chardet_dom,codex,third_party,mismatched,P10c_B25,0,1
P10_thirdparty,chardet_dom,codex,third_party,cold,P10c_B26,1,1
P10_thirdparty,chardet_dom,codex,third_party,mismatched,P10c_B26,0,1
P10_thirdparty,chardet_dom,codex,third_party,cold,P10c_B27,1,1
P10_thirdparty,chardet_dom,codex,third_party,mismatched,P10c_B27,0,1
P10_thirdparty,chardet_dom,codex,third_party,cold,P10c_B28,1,1
P10_thirdparty,chardet_dom,codex,third_party,mismatched,P10c_B28,0,1
P10_thirdparty,chardet_dom,codex,third_party,cold,P10c_B29,1,1
P10_thirdparty,chardet_dom,codex,third_party,mismatched,P10c_B29,0,1
P10_thirdparty,chardet_dom,codex,third_party,cold,P10c_B30,1,1
P10_thirdparty,chardet_dom,codex,third_party,mismatched,P10c_B30,0,1
P10_thirdparty,chardet_dom,opus,third_party,cold,P10c_B01,1,1
P10_thirdparty,chardet_dom,opus,third_party,mismatched,P10c_B01,0,1
P10_thirdparty,chardet_dom,opus,third_party,cold,P10c_B02,1,1
P10_thirdparty,chardet_dom,opus,third_party,mismatched,P10c_B02,0,1
P10_thirdparty,chardet_dom,opus,third_party,cold,P10c_B03,1,1
P10_thirdparty,chardet_dom,opus,third_party,mismatched,P10c_B03,1,1
P10_thirdparty,chardet_dom,opus,third_party,cold,P10c_B04,1,1
P10_thirdparty,chardet_dom,opus,third_party,mismatched,P10c_B04,0,1
P10_thirdparty,chardet_dom,opus,third_party,cold,P10c_B05,1,1
P10_thirdparty,chardet_dom,opus,third_party,mismatched,P10c_B05,0,1
P10_thirdparty,chardet_dom,opus,third_party,cold,P10c_B06,1,1
P10_thirdparty,chardet_dom,opus,third_party,mismatched,P10c_B06,0,1
P10_thirdparty,chardet_dom,opus,third_party,cold,P10c_B07,1,1
P10_thirdparty,chardet_dom,opus,third_party,mismatched,P10c_B07,0,1
P10_thirdparty,chardet_dom,opus,third_party,cold,P10c_B08,1,1
P10_thirdparty,chardet_dom,opus,third_party,mismatched,P10c_B08,0,1
P10_thirdparty,chardet_dom,opus,third_party,cold,P10c_B09,1,1
P10_thirdparty,chardet_dom,opus,third_party,mismatched,P10c_B09,0,1
P10_thirdparty,chardet_dom,opus,third_party,cold,P10c_B10,1,1
P10_thirdparty,chardet_dom,opus,third_party,mismatched,P10c_B10,0,1
P10_thirdparty,chardet_dom,opus,third_party,cold,P10c_B11,0,1
P10_thirdparty,chardet_dom,opus,third_party,mismatched,P10c_B11,0,1
P10_thirdparty,chardet_dom,opus,third_party,cold,P10c_B12,1,1
P10_thirdparty,chardet_dom,opus,third_party,mismatched,P10c_B12,0,1
P10_thirdparty,chardet_dom,opus,third_party,cold,P10c_B13,1,1
P10_thirdparty,chardet_dom,opus,third_party,mismatched,P10c_B13,0,1
P10_thirdparty,chardet_dom,opus,third_party,cold,P10c_B14,1,1
P10_thirdparty,chardet_dom,opus,third_party,mismatched,P10c_B14,0,1
P10_thirdparty,chardet_dom,opus,third_party,cold,P10c_B15,1,1
P10_thirdparty,chardet_dom,opus,third_party,mismatched,P10c_B15,0,1
P10_thirdparty,chardet_dom,opus,third_party,cold,P10c_B16,1,1
P10_thirdparty,chardet_dom,opus,third_party,mismatched,P10c_B16,0,1
P10_thirdparty,chardet_dom,opus,third_party,cold,P10c_B17,1,1
P10_thirdparty,chardet_dom,opus,third_party,mismatched,P10c_B17,0,1
P10_thirdparty,chardet_dom,opus,third_party,cold,P10c_B18,1,1
P10_thirdparty,chardet_dom,opus,third_party,mismatched,P10c_B18,0,1
P10_thirdparty,chardet_dom,opus,third_party,cold,P10c_B19,1,1
P10_thirdparty,chardet_dom,opus,third_party,mismatched,P10c_B19,0,1
P10_thirdparty,chardet_dom,opus,third_party,cold,P10c_B20,1,1
P10_thirdparty,chardet_dom,opus,third_party,mismatched,P10c_B20,0,1
P10_thirdparty,chardet_dom,opus,third_party,cold,P10c_B21,1,1
P10_thirdparty,chardet_dom,opus,third_party,mismatched,P10c_B21,0,1
P10_thirdparty,chardet_dom,opus,third_party,cold,P10c_B22,1,1
P10_thirdparty,chardet_dom,opus,third_party,mismatched,P10c_B22,0,1
P10_thirdparty,chardet_dom,opus,third_party,cold,P10c_B23,1,1
P10_thirdparty,chardet_dom,opus,third_party,mismatched,P10c_B23,0,1
P10_thirdparty,chardet_dom,opus,third_party,cold,P10c_B24,1,1
P10_thirdparty,chardet_dom,opus,third_party,mismatched,P10c_B24,0,1
P10_thirdparty,chardet_dom,opus,third_party,cold,P10c_B25,1,1
P10_thirdparty,chardet_dom,opus,third_party,mismatched,P10c_B25,0,1
P10_thirdparty,chardet_dom,opus,third_party,cold,P10c_B26,1,1
P10_thirdparty,chardet_dom,opus,third_party,mismatched,P10c_B26,0,1
P10_thirdparty,chardet_dom,opus,third_party,cold,P10c_B27,1,1
P10_thirdparty,chardet_dom,opus,third_party,mismatched,P10c_B27,0,1
P10_thirdparty,chardet_dom,opus,third_party,cold,P10c_B28,1,1
P10_thirdparty,chardet_dom,opus,third_party,mismatched,P10c_B28,0,1
P10_thirdparty,chardet_dom,opus,third_party,cold,P10c_B29,1,1
P10_thirdparty,chardet_dom,opus,third_party,mismatched,P10c_B29,0,1
P10_thirdparty,chardet_dom,opus,third_party,cold,P10c_B30,1,1
P10_thirdparty,chardet_dom,opus,third_party,mismatched,P10c_B30,0,1
P10_thirdparty,chardet_dom,gemini31,third_party,cold,P10c_B01,1,1
P10_thirdparty,chardet_dom,gemini31,third_party,mismatched,P10c_B01,0,1
P10_thirdparty,chardet_dom,gemini31,third_party,cold,P10c_B02,1,1
P10_thirdparty,chardet_dom,gemini31,third_party,mismatched,P10c_B02,0,1
P10_thirdparty,chardet_dom,gemini31,third_party,cold,P10c_B03,1,1
P10_thirdparty,chardet_dom,gemini31,third_party,mismatched,P10c_B03,0,1
P10_thirdparty,chardet_dom,gemini31,third_party,cold,P10c_B04,1,1
P10_thirdparty,chardet_dom,gemini31,third_party,mismatched,P10c_B04,0,1
P10_thirdparty,chardet_dom,gemini31,third_party,cold,P10c_B05,1,1
P10_thirdparty,chardet_dom,gemini31,third_party,mismatched,P10c_B05,0,1
P10_thirdparty,chardet_dom,gemini31,third_party,cold,P10c_B06,0,1
P10_thirdparty,chardet_dom,gemini31,third_party,mismatched,P10c_B06,0,1
P10_thirdparty,chardet_dom,gemini31,third_party,cold,P10c_B07,1,1
P10_thirdparty,chardet_dom,gemini31,third_party,mismatched,P10c_B07,0,1
P10_thirdparty,chardet_dom,gemini31,third_party,cold,P10c_B08,1,1
P10_thirdparty,chardet_dom,gemini31,third_party,mismatched,P10c_B08,0,1
P10_thirdparty,chardet_dom,gemini31,third_party,cold,P10c_B09,1,1
P10_thirdparty,chardet_dom,gemini31,third_party,mismatched,P10c_B09,0,1
P10_thirdparty,chardet_dom,gemini31,third_party,cold,P10c_B10,1,1
P10_thirdparty,chardet_dom,gemini31,third_party,mismatched,P10c_B10,0,1
P10_thirdparty,chardet_dom,gemini31,third_party,cold,P10c_B11,1,1
P10_thirdparty,chardet_dom,gemini31,third_party,mismatched,P10c_B11,0,1
P10_thirdparty,chardet_dom,gemini31,third_party,cold,P10c_B12,1,1
P10_thirdparty,chardet_dom,gemini31,third_party,mismatched,P10c_B12,0,1
P10_thirdparty,chardet_dom,gemini31,third_party,cold,P10c_B13,0,1
P10_thirdparty,chardet_dom,gemini31,third_party,mismatched,P10c_B13,0,1
P10_thirdparty,chardet_dom,gemini31,third_party,cold,P10c_B14,1,1
P10_thirdparty,chardet_dom,gemini31,third_party,mismatched,P10c_B14,0,1
P10_thirdparty,chardet_dom,gemini31,third_party,cold,P10c_B15,1,1
P10_thirdparty,chardet_dom,gemini31,third_party,mismatched,P10c_B15,0,1
P10_thirdparty,chardet_dom,gemini31,third_party,cold,P10c_B16,1,1
P10_thirdparty,chardet_dom,gemini31,third_party,mismatched,P10c_B16,0,1
P10_thirdparty,chardet_dom,gemini31,third_party,cold,P10c_B17,1,1
P10_thirdparty,chardet_dom,gemini31,third_party,mismatched,P10c_B17,0,1
P10_thirdparty,chardet_dom,gemini31,third_party,cold,P10c_B18,1,1
P10_thirdparty,chardet_dom,gemini31,third_party,mismatched,P10c_B18,0,1
P10_thirdparty,chardet_dom,gemini31,third_party,cold,P10c_B19,1,1
P10_thirdparty,chardet_dom,gemini31,third_party,mismatched,P10c_B19,0,1
P10_thirdparty,chardet_dom,gemini31,third_party,cold,P10c_B20,1,1
P10_thirdparty,chardet_dom,gemini31,third_party,mismatched,P10c_B20,0,1
P10_thirdparty,chardet_dom,gemini31,third_party,cold,P10c_B21,1,1
P10_thirdparty,chardet_dom,gemini31,third_party,mismatched,P10c_B21,0,1
P10_thirdparty,chardet_dom,gemini31,third_party,cold,P10c_B22,1,1
P10_thirdparty,chardet_dom,gemini31,third_party,mismatched,P10c_B22,0,1
P10_thirdparty,chardet_dom,gemini31,third_party,cold,P10c_B23,1,1
P10_thirdparty,chardet_dom,gemini31,third_party,mismatched,P10c_B23,0,1
P10_thirdparty,chardet_dom,gemini31,third_party,cold,P10c_B24,1,1
P10_thirdparty,chardet_dom,gemini31,third_party,mismatched,P10c_B24,0,1
P10_thirdparty,chardet_dom,gemini31,third_party,cold,P10c_B25,1,1
P10_thirdparty,chardet_dom,gemini31,third_party,mismatched,P10c_B25,0,1
P10_thirdparty,chardet_dom,gemini31,third_party,cold,P10c_B26,1,1
P10_thirdparty,chardet_dom,gemini31,third_party,mismatched,P10c_B26,0,1
P10_thirdparty,chardet_dom,gemini31,third_party,cold,P10c_B27,1,1
P10_thirdparty,chardet_dom,gemini31,third_party,mismatched,P10c_B27,0,1
P10_thirdparty,chardet_dom,gemini31,third_party,cold,P10c_B28,1,1
P10_thirdparty,chardet_dom,gemini31,third_party,mismatched,P10c_B28,0,1
P10_thirdparty,chardet_dom,gemini31,third_party,cold,P10c_B29,1,1
P10_thirdparty,chardet_dom,gemini31,third_party,mismatched,P10c_B29,0,1
P10_thirdparty,chardet_dom,gemini31,third_party,cold,P10c_B30,1,1
P10_thirdparty,chardet_dom,gemini31,third_party,mismatched,P10c_B30,0,1
